-- data.sql

-- 0) 외래키 제약 해제
SET FOREIGN_KEY_CHECKS = 0;

-- 1) 기존 데이터 삭제
TRUNCATE TABLE course_major_rel;
TRUNCATE TABLE courses;
TRUNCATE TABLE majors;

-- 2) 외래키 제약 복원
SET FOREIGN_KEY_CHECKS = 1;

-- 3) Majors 데이터 (중복 시 무시)
INSERT IGNORE INTO majors (major_id, code, name, description, sort_order) VALUES
                                                                              (1,'SCHOOL','대학원 진학형','대학원 진학을 희망하는 학생들을 위한 커리큘럼',1),
                                                                              (2,'BIGDATA','빅데이터분야','데이터분석 전문가, 데이터 활용에 대해 배우고 싶은 학생들을 위한 커리큘럼',2),
                                                                              (3,'AICLOUD','AI/클라우드분야','AI와 클라우드에 대해 심도있는 학습을 하고싶은 학생들을 위한 커리큘럼',3),
                                                                              (4,'MICRO','마이크로전공형','인공지능과 빅데이터 모두 학습가능한 커리큘럼',4),
                                                                              (5,'NOSELECT','미정','미정',5);

-- 4) Courses 데이터 (전체 30개 과목, 중복 시 무시)
INSERT IGNORE INTO courses (course_id, code, name, description, year, semester, credit, is_required) VALUES
                                                                                                         (1,'cr101','빅데이터 분석기초','데이터 분석의 기초 원리와 기법을 소개한다. 데이터 수집, 정제, 분석 및 결과 해석의 전 과정에 대해 학습한다',1,1,3,TRUE),
                                                                                                         (2,'cr102','객체지향 프로그래밍','본 과정은 자바언어를 이용하여 각종 응용프로그램을 작성하고 실행해봄으로써 객체지향의 개념을 이해한다. ',1,1,3,FALSE),
                                                                                                         (3,'cr103','인공지능개론','본 과목에서는 인공지능의 기본 개념 및 관련 용어, 문제 해결을 위한 지식표현, 추론방법 및 다양한 검색기법, 그리고 기계학습 기법에 대하여 학습한다',1,2,3,TRUE),
                                                                                                         (4,'cr104','미적분학','본 과목은 인공지능 동작원리를 이해하기 위한 높은 진입장벽을 낮추고 인공지능 기술을 이해할 수 있는 핵심적인 수학적 도구들을 소개한다.',1,2,3,FALSE),
                                                                                                         (5,'cr201','프로그램기초','컴퓨터 프로그래밍의 기본개념과 원리를 소개한다.',2,1,3,TRUE),
                                                                                                         (6,'cr202','통계기초','통계 분석 처리를 위한 프로그래밍 언어를 기본으로 학습한다.',2,1,3,TRUE),
                                                                                                         (7,'cr203','인공지능 수학','인공지능을 위한 수학은 인공지능을 위한 수학적 기반을 갖추기 위한 준비과정',2,1,3,TRUE),
                                                                                                         (8,'cr204','데이터 사이언스','이 과목은 개발자와 분석가들에게 python이라는 도구를 이용하여 데이터 분석을 공부하는 과목이다',2,1,3,FALSE),
                                                                                                         (9,'cr205','인공지능 프로그램','인공지능의 기본 개념, 알고리즘, 그리고 응용 분야를 학습한다. 실제 사례를 통해 AI 솔루션 개발과정을 경험할 수 있다.',2,2,3,TRUE),
                                                                                                         (10,'cr206','SW,HW플랫폼 설계','소프트웨어 및 하드웨어의 통합 설계 원리를 배운다. 임베디드 시스템과 IoT 디바이스의 설계를 포함한다.',2,2,3,TRUE),
                                                                                                         (11,'cr207','통계실무','통계학의 실용적 적용을 탐구한다. R프로그램을 활용하며, 실제 데이터를 사용하여 통계적 분석 기법을 실습한다.',2,2,3,TRUE),
                                                                                                         (12,'cr208','빅데이터 처리','빅데이터 공학과 교육 전반을 이해할 수 있도록 빅데이터 전반을 다루는 과목이다',2,2,3,FALSE),
                                                                                                         (13,'cr209','운영체제','컴퓨터 운영체제 구조 및 원리',2,2,3,FALSE),
                                                                                                         (14,'cr301','인공지능 플랫폼 설계','AI 기반 시스템 및 구조와 플랫폼 설계 방법을 학습한다. AI 솔루션 구현을 위한 아키텍처 설계에 중점을 둔다.',3,1,3,TRUE),
                                                                                                         (15,'cr302','클라우드 컴퓨팅','클라우드 인프라 및 서비스 이해',3,1,3,TRUE),
                                                                                                         (16,'cr303','데이터마이닝 및 응용실습','데이터마이닝을 위한 중요 알고리즘과 이론을 설명, mapreduce, 연관 패턴 검색, 링크 분석, 데이터 스트림 마이닝, 클러스터링, 그래프 마이닝 등을 학습한다.',3,1,3,TRUE),
                                                                                                         (17,'cr304','의료DB 설계','의료IT 응용분야의 정보시스템을 개발할 수 있는 DB 전문가를 배양하고 효율적으로 DB를 관리·운영할 수 있는 DB 관리자를 양성',3,1,3,FALSE),
                                                                                                         (18,'cr305','딥러닝','딥러닝의 기본 개념과 심층 신경망 구조를 탐구한다. 의료 영상 분석, 유전자 데이터 처리 등 의료 분야의 딥러닝 적용을 학습한다.',3,1,3,FALSE),
                                                                                                         (19,'cr306','정밀의료','인공지능 기반의 빅데이터 분석을 통하여 각종 질병을 예측할 수 있는 기반 기술을 습득한다.',3,1,3,FALSE),
                                                                                                         (20,'cr307','멀티모달학습','여러 형태의 데이터를 통합하는 멀티모달 학습 방법을 배운다.',3,1,3,FALSE),
                                                                                                         (21,'cr308','AI정보보안','AI 기술을 활용한 정보보안 전략과 방법론을 학습한다. ',3,1,3,FALSE),
                                                                                                         (22,'cr309','의료전문가 시스템','환자의 진료와 관련된 모든 자료나 진료, 수술 및 검사기록을 전산에 입력시켜 정리 및 보관하는 시스템을 공부한다.',3,2,3,TRUE),
                                                                                                         (23,'cr310','소프트웨어 공학','소프트웨어 인계과정을 거치며 이후에 유지보수를 주기적으로 진행하는 과정의 처리방식을 이해할 수 있도록 교육한다.',3,2,3,TRUE),
                                                                                                         (24,'cr311','알고리즘 분석','다양한 알고리즘의 이론과 성능 분석을 학습한다. 효율적인 알고리즘 개발에 중점을 둔다.',3,2,3,FALSE),
                                                                                                         (25,'cr312','자동화이론','시스템에 대하여 그 입력을 조절함으로써 그 출력을 원하는 대로 조절하는 controller 설계를 이해한다.',3,2,3,FALSE),
                                                                                                         (26,'cr313','AI시스템 활용','실제 AI 시스템 적용 및 사례 연구',3,2,3,FALSE),
                                                                                                         (27,'cr314','데이터 모델및 시각화','다양한 형태의 데이터를 시각화하는 기법을 R 및 Python 언어를 사용하여 구현 및 검증하는 방법을 배운다.',3,2,3,FALSE),
                                                                                                         (28,'cr401','의사결정지원시스템','의사결정을 위한 정보 시스템 설계와 구현을 학습한다. 의료 현장에서의 응용을 중점적으로 다룬다.',4,1,3,TRUE),
                                                                                                         (29,'cr402','졸업 논문','졸업을 위한 논문을 작성한다',4,2,3,TRUE),
                                                                                                         (30,'cr403','BM프로젝트','실질적인 의료데이터를 가지고 팀웍을 통해 BM모델을 만들어보는 실질적 현장 적응용 수업이다.',4,2,3,FALSE);

-- 5) CourseMajorRel (중복 시 무시)
INSERT IGNORE INTO course_major_rel (course_id, major_id) VALUES
                                                              (1,1),
                                                              (2,1),
                                                              (3,1),
                                                              (4,1),
                                                              (5,1),
                                                              (6,1),
                                                              (7,1),
                                                              (8,1),
                                                              (9,1),
                                                              (10,1),
                                                              (11,1),
                                                              (12,1),
                                                              (13,1),
                                                              (14,1),
                                                              (15,1),
                                                              (16,1),
                                                              (17,1),
                                                              (18,1),
                                                              (19,1),
                                                              (20,1),
                                                              (21,1),
                                                              (22,1),
                                                              (23,1),
                                                              (24,1),
                                                              (25,1),
                                                              (26,1),
                                                              (27,1),
                                                              (28,1),
                                                              (29,1),
                                                              (30,1),
                                                              (1,2),
                                                              (3,2),
                                                              (5,2),
                                                              (7,2),
                                                              (9,2),
                                                              (10,2),
                                                              (11,2),
                                                              (12,2),
                                                              (13,2),
                                                              (14,2),
                                                              (16,2),
                                                              (17,2),
                                                              (18,2),
                                                              (19,2),
                                                              (20,2),
                                                              (2,3),
                                                              (4,3),
                                                              (6,3),
                                                              (8,3),
                                                              (10,3),
                                                              (15,3),
                                                              (16,3),
                                                              (17,3),
                                                              (20,3),
                                                              (21,3),
                                                              (27,3),
                                                              (3,4),
                                                              (5,4),
                                                              (11,4),
                                                              (7,4),
                                                              (9,4),
                                                              (10,4),
                                                              (14,4),
                                                              (18,4),
                                                              (27,4),
                                                              (16,4),
                                                              (20,4),
                                                              (1,5),
                                                              (2,5),
                                                              (3,5),
                                                              (4,5),
                                                              (5,5),
                                                              (6,5),
                                                              (7,5),
                                                              (8,5),
                                                              (9,5),
                                                              (10,5),
                                                              (11,5),
                                                              (12,5),
                                                              (13,5),
                                                              (14,5),
                                                              (15,5),
                                                              (16,5),
                                                              (17,5),
                                                              (18,5),
                                                              (19,5),
                                                              (20,5),
                                                              (21,5),
                                                              (22,5),
                                                              (23,5),
                                                              (24,5),
                                                              (25,5),
                                                              (26,5),
                                                              (27,5),
                                                              (28,5),
                                                              (29,5),
                                                              (30,5);
